Ref,Val,Package,PosX,PosY,Rot,Side
"R12","1K","R_0805_2012Metric_Pad1.20x1.40mm_HandSolder",2.259000,-40.605000,180.000000,bottom
"R12","1K","R_0805_2012Metric_Pad1.20x1.40mm_HandSolder",2.259000,7.395000,180.000000,bottom
"R13","1K","R_0805_2012Metric_Pad1.20x1.40mm_HandSolder",2.259000,-42.855000,180.000000,bottom
"R13","1K","R_0805_2012Metric_Pad1.20x1.40mm_HandSolder",2.259000,5.145000,180.000000,bottom
"VD2"," ","LED_0805_2012Metric_Pad1.15x1.40mm_HandSolder",-1.991000,-40.605000,180.000000,bottom
"VD2"," ","LED_0805_2012Metric_Pad1.15x1.40mm_HandSolder",-1.991000,7.395000,180.000000,bottom
"VD3"," ","LED_0805_2012Metric_Pad1.15x1.40mm_HandSolder",-1.991000,-42.855000,180.000000,bottom
"VD3"," ","LED_0805_2012Metric_Pad1.15x1.40mm_HandSolder",-1.991000,5.145000,180.000000,bottom
